#{"t_start": 1715246911.640071, "env_id": "PandaPickAndPlace-v3"}
r,l,t
-50.0,50,0.733067
-50.0,50,0.893923
-50.0,50,1.049687
-19.0,20,1.112043
-50.0,50,1.264853
-50.0,50,1.415217
-50.0,50,1.571272
-50.0,50,1.729039
-50.0,50,1.88099
-50.0,50,2.040569
-50.0,50,2.193758
-50.0,50,2.349418
-50.0,50,2.509949
-50.0,50,2.662544
-50.0,50,2.817107
-50.0,50,2.97332
-50.0,50,3.125792
-50.0,50,3.278536
-50.0,50,3.433501
-50.0,50,3.584526
-50.0,50,3.801035
-50.0,50,3.955946
-50.0,50,4.109252
-50.0,50,4.264981
-50.0,50,4.421435
-50.0,50,4.575383
-50.0,50,4.740065
-50.0,50,4.89511
-50.0,50,5.061574
-50.0,50,5.226488
-50.0,50,5.422325
-50.0,50,5.60018
-50.0,50,5.830295
-50.0,50,6.010091
-50.0,50,6.175689
-50.0,50,6.336895
-50.0,50,6.49957
-50.0,50,6.689193
-50.0,50,6.868344
-50.0,50,7.05199
-50.0,50,7.226297
-50.0,50,15.326463
-50.0,50,15.498307
-50.0,50,15.658455
-50.0,50,15.818772
0.0,1,15.822695
-50.0,50,15.992336
-50.0,50,16.159798
-50.0,50,16.316263
-50.0,50,16.473042
-50.0,50,16.628084
-50.0,50,16.78761
-50.0,50,16.938781
-50.0,50,17.098257
-50.0,50,17.257362
-50.0,50,17.41156
-50.0,50,17.575247
-50.0,50,17.741689
-50.0,50,17.9005
-50.0,50,18.062815
-50.0,50,18.215661
-50.0,50,18.38511
-50.0,50,18.541783
-50.0,50,18.70157
-50.0,50,18.858987
-50.0,50,19.022763
-50.0,50,19.178938
-50.0,50,19.338858
-50.0,50,19.49969
-50.0,50,19.667139
-50.0,50,19.835035
-50.0,50,19.992512
-50.0,50,20.151377
-50.0,50,20.309248
-50.0,50,20.466369
-50.0,50,20.625614
-50.0,50,20.775492
-50.0,50,20.929659
-50.0,50,21.082307
-50.0,50,21.23567
-50.0,50,21.394054
-50.0,50,21.56221
-50.0,50,21.71817
-50.0,50,28.710986
-50.0,50,28.882761
-50.0,50,29.034915
-50.0,50,29.196488
-50.0,50,29.3538
-50.0,50,29.515716
-50.0,50,29.674488
-50.0,50,29.830709
-50.0,50,29.987827
-50.0,50,30.148612
-50.0,50,30.305359
-50.0,50,30.467081
-50.0,50,30.621442
-50.0,50,30.779295
-50.0,50,30.933378
-50.0,50,31.097045
-50.0,50,31.25505
-50.0,50,31.408423
-50.0,50,31.573045
-50.0,50,31.731665
-50.0,50,31.886543
-50.0,50,32.038459
-50.0,50,32.194376
-50.0,50,32.349202
0.0,1,32.352094
0.0,1,32.355361
-50.0,50,32.518209
-50.0,50,32.674081
-50.0,50,32.837809
-50.0,50,32.992182
-50.0,50,33.153113
-50.0,50,33.31159
-50.0,50,33.466922
-50.0,50,33.625275
-50.0,50,33.782141
-50.0,50,33.935932
-50.0,50,34.094826
-50.0,50,34.251144
-50.0,50,34.405484
-50.0,50,34.566218
0.0,1,34.56887
-50.0,50,34.730118
-50.0,50,34.884253
-50.0,50,35.042976
-50.0,50,42.106924
-50.0,50,42.273935
-50.0,50,42.429491
-50.0,50,42.583371
-50.0,50,42.737815
-50.0,50,42.894637
-50.0,50,43.053171
-50.0,50,43.218215
-50.0,50,43.375441
-50.0,50,43.533583
-50.0,50,43.688928
-50.0,50,43.844748
-50.0,50,44.005156
-50.0,50,44.160195
-50.0,50,44.315245
-50.0,50,44.470748
-50.0,50,44.628063
-50.0,50,44.797939
-50.0,50,44.953697
-50.0,50,45.109664
-50.0,50,45.266767
-50.0,50,45.428629
-50.0,50,45.585502
-50.0,50,45.739129
-50.0,50,45.893295
-50.0,50,46.050025
-50.0,50,46.20462
-50.0,50,46.35291
-50.0,50,46.512096
-50.0,50,46.666688
-50.0,50,46.819254
-50.0,50,46.978303
-50.0,50,47.132125
-50.0,50,47.28955
-50.0,50,47.446281
-50.0,50,47.608972
-50.0,50,47.768835
-50.0,50,47.936553
-50.0,50,48.091459
-50.0,50,48.252393
-50.0,50,48.411292
-50.0,50,55.423268
-50.0,50,55.586946
-50.0,50,55.740056
-50.0,50,55.893622
-50.0,50,56.048176
-50.0,50,56.201242
-50.0,50,56.356397
-50.0,50,56.514281
-50.0,50,56.675337
-50.0,50,56.832184
-50.0,50,56.985139
-50.0,50,57.140729
-50.0,50,57.292866
-50.0,50,57.44938
-50.0,50,57.607383
-50.0,50,57.76356
-50.0,50,57.927929
-50.0,50,58.083496
-50.0,50,58.237167
-50.0,50,58.393834
-50.0,50,58.551331
-50.0,50,58.707504
-50.0,50,58.857162
-50.0,50,59.007944
-50.0,50,59.163162
-50.0,50,59.313307
-50.0,50,59.474769
-50.0,50,59.630666
-50.0,50,59.779919
-50.0,50,59.934614
-50.0,50,60.093897
-50.0,50,60.251842
-50.0,50,60.407195
-50.0,50,60.560335
-50.0,50,60.712798
-50.0,50,60.86606
-50.0,50,61.029868
-50.0,50,61.18461
-50.0,50,61.335179
-50.0,50,61.489129
-50.0,50,61.646848
-50.0,50,68.680935
-50.0,50,68.846127
-50.0,50,68.999067
-50.0,50,69.150663
-50.0,50,69.303628
-50.0,50,69.461465
-50.0,50,69.613446
0.0,1,69.617177
-50.0,50,69.77018
-50.0,50,69.919744
-50.0,50,70.074056
-50.0,50,70.222761
-50.0,50,70.378859
-50.0,50,70.530667
-50.0,50,70.67929
-50.0,50,70.835511
-50.0,50,70.995078
-50.0,50,71.151151
-50.0,50,71.303418
-50.0,50,71.454207
-50.0,50,71.606526
-50.0,50,71.760267
-50.0,50,71.908969
-50.0,50,72.060989
-50.0,50,72.215301
-50.0,50,72.366272
-50.0,50,72.521615
0.0,1,72.525495
-50.0,50,72.674259
-50.0,50,72.828725
-50.0,50,72.978563
-50.0,50,73.133284
-50.0,50,73.281993
-50.0,50,73.431407
-50.0,50,73.58386
-50.0,50,73.741365
-50.0,50,73.898033
-50.0,50,74.055727
0.0,1,74.058799
-50.0,50,74.214704
-50.0,50,74.367869
-50.0,50,74.519729
-50.0,50,74.668716
-50.0,50,74.822603
-50.0,50,81.80676
-50.0,50,81.960729
-50.0,50,82.106237
-50.0,50,82.258562
-50.0,50,82.406433
-50.0,50,82.556566
-50.0,50,82.711301
-50.0,50,82.862465
-50.0,50,83.01467
-50.0,50,83.163045
-50.0,50,83.314206
-50.0,50,83.465438
-50.0,50,83.61017
-50.0,50,83.756711
-50.0,50,83.914157
-50.0,50,84.063478
-50.0,50,84.216379
-50.0,50,84.368561
-50.0,50,84.522049
-50.0,50,84.665856
-50.0,50,84.813838
-50.0,50,84.966125
-50.0,50,85.114648
-50.0,50,85.267309
-50.0,50,85.420421
-50.0,50,85.571473
-50.0,50,85.72004
-50.0,50,85.866252
0.0,1,85.868777
-50.0,50,86.014715
-50.0,50,86.166038
-50.0,50,86.319474
-50.0,50,86.463946
-50.0,50,86.612648
-50.0,50,86.762111
-50.0,50,86.919079
-50.0,50,87.064916
-50.0,50,87.219407
-50.0,50,87.372923
-50.0,50,87.524473
-50.0,50,87.677008
-50.0,50,87.822944
-50.0,50,94.825904
-50.0,50,94.976076
-50.0,50,95.125006
-50.0,50,95.267287
-50.0,50,95.410387
-50.0,50,95.555181
-50.0,50,95.700079
-50.0,50,95.849465
-10.0,11,95.883533
-50.0,50,96.025985
-50.0,50,96.179083
-50.0,50,96.338011
-50.0,50,96.489775
-50.0,50,96.635543
-50.0,50,96.796175
-50.0,50,96.944802
-50.0,50,97.095225
-50.0,50,97.243187
-50.0,50,97.392177
-50.0,50,97.537846
-50.0,50,97.686362
-50.0,50,97.843723
-50.0,50,98.000214
-50.0,50,98.148993
-50.0,50,98.296033
-50.0,50,98.43933
-50.0,50,98.592982
0.0,1,98.596122
-50.0,50,98.742384
-50.0,50,98.891838
0.0,1,98.896068
-50.0,50,99.054269
-50.0,50,99.204372
-50.0,50,99.358933
-50.0,50,99.511164
-50.0,50,99.657146
-50.0,50,99.813943
-50.0,50,99.959048
-50.0,50,100.108047
-50.0,50,100.254558
-50.0,50,100.409704
-50.0,50,100.557187
-50.0,50,100.705468
-50.0,50,108.401084
-50.0,50,108.575512
-50.0,50,108.731466
-50.0,50,108.940759
-50.0,50,109.102551
-50.0,50,109.262173
-50.0,50,109.430979
-50.0,50,109.58618
-50.0,50,109.83137
-50.0,50,109.994747
-50.0,50,110.156143
-50.0,50,110.306963
-50.0,50,110.459331
-50.0,50,110.628839
-50.0,50,110.81135
-50.0,50,110.963037
-50.0,50,111.114666
-50.0,50,111.26599
-50.0,50,111.419797
-50.0,50,111.569255
-50.0,50,111.714942
-50.0,50,111.857081
-50.0,50,112.006877
-50.0,50,112.153128
-50.0,50,112.29643
-50.0,50,112.436932
-50.0,50,112.584618
-50.0,50,112.73726
-50.0,50,112.885473
-50.0,50,113.037204
-50.0,50,113.18884
-50.0,50,113.336301
-50.0,50,113.480437
-50.0,50,113.634015
-50.0,50,113.778923
-50.0,50,113.926419
-50.0,50,114.070994
-50.0,50,114.227628
-50.0,50,114.369654
-50.0,50,114.511318
-50.0,50,114.652233
-50.0,50,121.610597
-50.0,50,121.779757
-50.0,50,121.925448
-50.0,50,122.075209
-50.0,50,122.222223
-50.0,50,122.364742
-50.0,50,122.508788
-50.0,50,122.648999
-50.0,50,122.79073
-50.0,50,122.935575
-50.0,50,123.081594
-50.0,50,123.228273
-50.0,50,123.377097
-50.0,50,123.52871
-50.0,50,123.672467
-50.0,50,123.817305
-50.0,50,123.961892
-50.0,50,124.105032
-50.0,50,124.247124
-50.0,50,124.394458
-50.0,50,124.534344
-50.0,50,124.678434
-50.0,50,124.827382
-50.0,50,124.973397
-50.0,50,125.118533
-50.0,50,125.261451
-50.0,50,125.408836
-50.0,50,125.560722
-50.0,50,125.709242
-50.0,50,125.852304
-50.0,50,126.000579
-50.0,50,126.141965
-50.0,50,126.30528
-50.0,50,126.450424
-50.0,50,126.588853
-50.0,50,126.727936
-50.0,50,126.868917
-50.0,50,127.014069
-50.0,50,127.162545
-50.0,50,127.307394
-50.0,50,127.452362
-50.0,50,134.429178
-50.0,50,134.590433
-50.0,50,134.731467
-50.0,50,134.878269
-50.0,50,135.022327
-50.0,50,135.165633
0.0,1,135.168494
-50.0,50,135.311353
-50.0,50,135.455088
-50.0,50,135.599889
-50.0,50,135.746038
-50.0,50,135.886547
-50.0,50,136.038091
-50.0,50,136.180321
-50.0,50,136.324287
-50.0,50,136.467953
-50.0,50,136.612603
-50.0,50,136.759926
-50.0,50,136.902348
-50.0,50,137.041874
-50.0,50,137.181504
-50.0,50,137.326028
-50.0,50,137.474183
-50.0,50,137.615711
-50.0,50,137.75779
-50.0,50,137.899742
0.0,1,137.903532
-50.0,50,138.045499
-50.0,50,138.187775
-50.0,50,138.331032
-50.0,50,138.472038
-50.0,50,138.613596
-50.0,50,138.76461
-50.0,50,138.922427
-50.0,50,139.062927
-50.0,50,139.205998
-50.0,50,139.350192
-50.0,50,139.50177
-50.0,50,139.64426
-50.0,50,139.786943
-50.0,50,139.930055
-50.0,50,140.07123
-50.0,50,140.217151
-50.0,50,147.157375
-50.0,50,147.322122
-50.0,50,147.466311
-50.0,50,147.607677
-50.0,50,147.749606
-50.0,50,147.90285
-50.0,50,148.05227
-50.0,50,148.192826
-50.0,50,148.333891
-50.0,50,148.476979
-50.0,50,148.630402
-50.0,50,148.772654
-50.0,50,148.918069
-50.0,50,149.059619
-50.0,50,149.202854
-50.0,50,149.344764
-50.0,50,149.488326
-50.0,50,149.633538
-50.0,50,149.779583
-50.0,50,149.922933
-50.0,50,150.070474
-50.0,50,150.21514
-50.0,50,150.364033
-50.0,50,150.507201
-50.0,50,150.647931
-50.0,50,150.787766
-50.0,50,150.935831
-50.0,50,151.08726
-50.0,50,151.232674
-50.0,50,151.371963
-50.0,50,151.523629
-50.0,50,151.673238
-50.0,50,151.817533
-50.0,50,151.958328
-50.0,50,152.098986
-50.0,50,152.242949
-50.0,50,152.385712
-50.0,50,152.531369
-50.0,50,152.6738
-50.0,50,152.816055
-50.0,50,152.959751
-50.0,50,159.91936
-50.0,50,160.082068
-50.0,50,160.229854
-50.0,50,160.374762
-50.0,50,160.518739
-50.0,50,160.662651
-50.0,50,160.803956
-50.0,50,160.94501
-50.0,50,161.08328
-50.0,50,161.233237
-50.0,50,161.37419
-50.0,50,161.518198
-50.0,50,161.660675
-50.0,50,161.802524
-50.0,50,161.94775
-50.0,50,162.090351
-50.0,50,162.232755
-50.0,50,162.376019
-50.0,50,162.518275
-50.0,50,162.662374
-50.0,50,162.808136
-50.0,50,162.948735
-50.0,50,163.087982
-50.0,50,163.230261
-50.0,50,163.373874
-50.0,50,163.517416
-50.0,50,163.659425
-50.0,50,163.804455
0.0,1,163.807789
-50.0,50,163.951512
-50.0,50,164.104312
-50.0,50,164.249712
-50.0,50,164.395475
-50.0,50,164.536168
-50.0,50,164.676212
-50.0,50,164.822289
-50.0,50,164.96317
-50.0,50,165.104433
-50.0,50,165.24906
-50.0,50,165.392671
-50.0,50,165.536394
-50.0,50,165.677336
-50.0,50,172.674915
-50.0,50,172.834589
0.0,1,172.83793
-50.0,50,172.981016
-50.0,50,173.125155
-50.0,50,173.268239
-50.0,50,173.411017
-50.0,50,173.554191
-50.0,50,173.696274
-50.0,50,173.847701
-50.0,50,173.988232
-50.0,50,174.130785
-50.0,50,174.27592
-50.0,50,174.422473
-50.0,50,174.562728
-50.0,50,174.705468
-50.0,50,174.847956
0.0,1,174.850709
-50.0,50,174.991863
0.0,1,174.994891
-50.0,50,175.134781
-50.0,50,175.278131
-50.0,50,175.422658
-50.0,50,175.565045
-50.0,50,175.703241
-50.0,50,175.847471
-50.0,50,175.990784
-50.0,50,176.135136
-50.0,50,176.278822
-50.0,50,176.418887
-50.0,50,176.561057
-50.0,50,176.713747
-50.0,50,176.866655
-50.0,50,177.007523
-50.0,50,177.151646
-50.0,50,177.293523
-50.0,50,177.436094
-50.0,50,177.580749
-50.0,50,177.721312
-50.0,50,177.863739
-50.0,50,178.008721
-50.0,50,178.148816
-50.0,50,178.292042
-50.0,50,178.436772
-50.0,50,185.455277
-50.0,50,185.613143
-50.0,50,185.75813
-50.0,50,185.898492
-50.0,50,186.038316
-50.0,50,186.17953
-50.0,50,186.321335
-50.0,50,186.473037
-50.0,50,186.617662
-50.0,50,186.760244
-50.0,50,186.900849
-50.0,50,187.046362
-50.0,50,187.187122
-50.0,50,187.328736
-50.0,50,187.469724
-50.0,50,187.61202
0.0,1,187.614766
-50.0,50,187.757342
-50.0,50,187.897894
-50.0,50,188.040008
-50.0,50,188.181464
-50.0,50,188.321593
-50.0,50,188.462026
-50.0,50,188.604185
-50.0,50,188.745308
-50.0,50,188.888311
-50.0,50,189.033885
-50.0,50,189.175143
-50.0,50,189.326697
-50.0,50,189.467373
-50.0,50,189.611886
-50.0,50,189.75287
-50.0,50,189.892202
-50.0,50,190.035068
-50.0,50,190.175922
0.0,1,190.178594
-50.0,50,190.319593
-50.0,50,190.464012
-50.0,50,190.608332
-50.0,50,190.751088
-50.0,50,190.89886
-50.0,50,191.045118
0.0,1,191.048642
-50.0,50,191.187916
-50.0,50,198.271883
-50.0,50,198.430953
-50.0,50,198.571347
-50.0,50,198.716773
-50.0,50,198.859367
-50.0,50,198.999438
0.0,1,199.011459
-50.0,50,199.155193
-50.0,50,199.295915
-50.0,50,199.437432
-50.0,50,199.582339
-50.0,50,199.725873
-50.0,50,199.865631
-50.0,50,200.008799
-50.0,50,200.150894
-50.0,50,200.292061
-50.0,50,200.433409
-50.0,50,200.573564
-50.0,50,200.713896
-50.0,50,200.856934
-50.0,50,200.999868
-50.0,50,201.143678
-50.0,50,201.283837
-50.0,50,201.424799
-50.0,50,201.566531
-50.0,50,201.705135
-50.0,50,201.8548
-50.0,50,201.997157
-50.0,50,202.142384
-50.0,50,202.283386
-50.0,50,202.425502
-50.0,50,202.565513
-50.0,50,202.708064
-50.0,50,202.849904
0.0,1,202.85306
-50.0,50,202.993109
-50.0,50,203.137482
-50.0,50,203.281454
-50.0,50,203.422188
-50.0,50,203.564793
-50.0,50,203.704619
-50.0,50,203.844112
-50.0,50,203.981717
-50.0,50,210.959722
-50.0,50,211.110056
-50.0,50,211.250572
-50.0,50,211.390234
-50.0,50,211.540257
-50.0,50,211.679941
-50.0,50,211.820349
-50.0,50,211.963352
-50.0,50,212.105638
-50.0,50,212.245304
-50.0,50,212.386422
-50.0,50,212.527528
-50.0,50,212.671766
-50.0,50,212.811265
-50.0,50,212.951591
-50.0,50,213.092095
-50.0,50,213.231863
-50.0,50,213.373657
-50.0,50,213.514922
-50.0,50,213.654645
-50.0,50,213.796155
-50.0,50,213.939071
-50.0,50,214.087739
-50.0,50,214.22937
-50.0,50,214.382892
-50.0,50,214.522959
-50.0,50,214.664343
-50.0,50,214.804872
-50.0,50,214.944807
-50.0,50,215.084049
-50.0,50,215.227693
-50.0,50,215.36606
0.0,1,215.369137
-50.0,50,215.510193
-50.0,50,215.651152
-50.0,50,215.791419
-50.0,50,215.934341
-50.0,50,216.075685
-50.0,50,216.216309
-50.0,50,216.357889
-50.0,50,216.49995
-50.0,50,216.640023
-50.0,50,223.577012
-50.0,50,223.728202
-50.0,50,223.870867
-50.0,50,224.021225
-50.0,50,224.161702
-50.0,50,224.303335
-50.0,50,224.444746
-50.0,50,224.585892
-50.0,50,224.725632
-50.0,50,224.868579
-50.0,50,225.011097
-50.0,50,225.151656
-50.0,50,225.292089
-50.0,50,225.431951
-50.0,50,225.571978
-50.0,50,225.714749
-50.0,50,225.856261
-50.0,50,225.998758
-50.0,50,226.140709
-50.0,50,226.281998
-50.0,50,226.42354
-50.0,50,226.564397
-50.0,50,226.702724
-50.0,50,226.855545
-50.0,50,227.001387
-50.0,50,227.143203
-50.0,50,227.284408
-50.0,50,227.425939
-50.0,50,227.563188
-50.0,50,227.704577
-50.0,50,227.843626
-50.0,50,227.984707
-50.0,50,228.125575
0.0,1,228.128269
-50.0,50,228.269706
-50.0,50,228.409538
-50.0,50,228.556062
-50.0,50,228.697552
0.0,1,228.700183
-50.0,50,228.842927
-50.0,50,228.982561
-50.0,50,229.126491
-50.0,50,229.268827
-50.0,50,236.26121
-50.0,50,236.411366
-50.0,50,236.561218
-50.0,50,236.700492
-50.0,50,236.842841
-50.0,50,236.984207
-50.0,50,237.125803
-50.0,50,237.269877
-50.0,50,237.410808
-50.0,50,237.551854
-50.0,50,237.694785
-50.0,50,237.83478
-50.0,50,237.975324
-50.0,50,238.113909
-50.0,50,238.252982
0.0,1,238.25576
-50.0,50,238.396126
-50.0,50,238.536823
-50.0,50,238.678024
-50.0,50,238.816319
-50.0,50,238.955823
-50.0,50,239.094213
0.0,1,239.096654
-50.0,50,239.24013
-50.0,50,239.39322
-50.0,50,239.536134
-50.0,50,239.676658
-50.0,50,239.820078
-50.0,50,239.963155
-50.0,50,240.10459
-50.0,50,240.247865
-50.0,50,240.390019
0.0,1,240.393464
-50.0,50,240.53524
-50.0,50,240.675789
-50.0,50,240.815203
-50.0,50,240.958995
-50.0,50,241.100549
-50.0,50,241.24322
-50.0,50,241.382843
-50.0,50,241.522382
-50.0,50,241.663242
-50.0,50,241.805117
-50.0,50,241.945534
-50.0,50,248.901356
-50.0,50,249.05949
-50.0,50,249.201318
-50.0,50,249.341903
-50.0,50,249.484075
-50.0,50,249.626649
-50.0,50,249.767511
0.0,1,249.770898
-50.0,50,249.911174
-50.0,50,250.05237
-50.0,50,250.196426
-50.0,50,250.338587
-50.0,50,250.480781
-50.0,50,250.619658
0.0,1,250.622364
-50.0,50,250.763559
-50.0,50,250.905146
-50.0,50,251.043656
-50.0,50,251.185273
-50.0,50,251.327348
-50.0,50,251.465644
-50.0,50,251.605018
-50.0,50,251.742393
-50.0,50,251.893402
-50.0,50,252.035844
-50.0,50,252.174457
-50.0,50,252.314549
-50.0,50,252.456867
-50.0,50,252.597643
-50.0,50,252.739322
-50.0,50,252.882746
-50.0,50,253.0231
-50.0,50,253.163096
-50.0,50,253.30529
-50.0,50,253.447089
-50.0,50,253.587674
-50.0,50,253.727046
-50.0,50,253.868698
-50.0,50,254.008758
-50.0,50,254.150761
-50.0,50,254.290877
-50.0,50,254.431644
-50.0,50,254.574678
-50.0,50,261.500079
-50.0,50,261.644756
-50.0,50,261.787007
-50.0,50,261.927504
-50.0,50,262.067774
-50.0,50,262.210026
-50.0,50,262.351344
-50.0,50,262.490101
-50.0,50,262.633361
-50.0,50,262.773441
-50.0,50,262.913519
-50.0,50,263.051055
-50.0,50,263.194256
-50.0,50,263.335258
-50.0,50,263.478697
-50.0,50,263.618719
-50.0,50,263.75884
-50.0,50,263.903211
-50.0,50,264.046503
-50.0,50,264.190311
-50.0,50,264.338966
-50.0,50,264.481262
-50.0,50,264.622104
-50.0,50,264.763414
-50.0,50,264.908937
-50.0,50,265.051179
-50.0,50,265.194694
-50.0,50,265.338204
-50.0,50,265.479424
-50.0,50,265.620511
-50.0,50,265.759242
0.0,1,265.762049
-50.0,50,265.90385
-50.0,50,266.045621
-50.0,50,266.187851
-50.0,50,266.328805
-50.0,50,266.469548
-50.0,50,266.609523
-50.0,50,266.75135
-50.0,50,266.893272
-50.0,50,267.033833
-50.0,50,273.973974
-50.0,50,274.129582
-50.0,50,274.274055
-50.0,50,274.41582
-50.0,50,274.554778
-50.0,50,274.693689
-50.0,50,274.836446
-50.0,50,274.978927
-50.0,50,275.12139
-50.0,50,275.262832
-50.0,50,275.404046
0.0,1,275.407458
-50.0,50,275.546013
-50.0,50,275.688242
-50.0,50,275.829023
-50.0,50,275.970381
-50.0,50,276.111749
-50.0,50,276.251973
-50.0,50,276.393024
-50.0,50,276.533912
-50.0,50,276.676445
-50.0,50,276.829071
-50.0,50,276.971658
-50.0,50,277.112305
-50.0,50,277.251995
-50.0,50,277.393354
-50.0,50,277.535838
-50.0,50,277.677899
-50.0,50,277.820255
-50.0,50,277.958544
-50.0,50,278.099645
-50.0,50,278.242479
-50.0,50,278.38265
-50.0,50,278.523093
-50.0,50,278.664775
-50.0,50,278.804455
-50.0,50,278.947114
-50.0,50,279.091315
-50.0,50,279.232921
-50.0,50,279.370831
-50.0,50,279.547783
-50.0,50,279.703458
-50.0,50,286.632498
-50.0,50,286.793802
-50.0,50,286.941035
-50.0,50,287.080527
-50.0,50,287.221198
-50.0,50,287.361639
-50.0,50,287.500375
-50.0,50,287.640287
-50.0,50,287.781995
-50.0,50,287.923574
-50.0,50,288.06381
-50.0,50,288.203984
-50.0,50,288.344933
-50.0,50,288.484783
-50.0,50,288.625911
-50.0,50,288.765407
-50.0,50,288.905706
-50.0,50,289.046495
-50.0,50,289.191045
-50.0,50,289.337942
-50.0,50,289.478044
-50.0,50,289.619008
-50.0,50,289.759789
-50.0,50,289.907045
-50.0,50,290.048745
-50.0,50,290.19086
-50.0,50,290.32783
-50.0,50,290.470828
-50.0,50,290.61104
-50.0,50,290.751558
-50.0,50,290.893283
-50.0,50,291.033311
-50.0,50,291.175575
-50.0,50,291.315798
-50.0,50,291.455528
-50.0,50,291.594872
-50.0,50,291.735201
-50.0,50,291.872468
-50.0,50,292.014344
-50.0,50,292.169126
0.0,1,292.172134
-50.0,50,292.311982
-50.0,50,299.233384
-50.0,50,299.391696
-50.0,50,299.531659
-50.0,50,299.669329
-50.0,50,299.809618
-50.0,50,299.951247
-50.0,50,300.091874
-50.0,50,300.236235
-50.0,50,300.375953
-50.0,50,300.518823
0.0,1,300.521958
-50.0,50,300.66393
-50.0,50,300.80515
0.0,1,300.807833
-50.0,50,300.951794
-50.0,50,301.092569
-50.0,50,301.23452
-50.0,50,301.371602
-50.0,50,301.514452
-50.0,50,301.654366
-50.0,50,301.803075
-50.0,50,301.944085
-50.0,50,302.083088
-50.0,50,302.22414
-50.0,50,302.365539
0.0,1,302.368752
-50.0,50,302.509817
0.0,1,302.512503
-50.0,50,302.652735
-50.0,50,302.793661
-50.0,50,302.937571
-50.0,50,303.078168
-50.0,50,303.220337
-50.0,50,303.359711
-50.0,50,303.501358
-50.0,50,303.640701
-50.0,50,303.782019
-50.0,50,303.919462
-50.0,50,304.062865
-50.0,50,304.203297
-50.0,50,304.343507
-50.0,50,304.485871
-50.0,50,304.637361
-50.0,50,304.777634
-50.0,50,304.920972
-50.0,50,311.817047
-50.0,50,311.982697
-50.0,50,312.124279
-50.0,50,312.265103
-50.0,50,312.406846
-50.0,50,312.54775
-50.0,50,312.687021
-50.0,50,312.825422
-50.0,50,312.967106
-50.0,50,313.105133
-50.0,50,313.243355
-50.0,50,313.387448
-50.0,50,313.527387
-50.0,50,313.66585
-50.0,50,313.814808
-50.0,50,314.020832
-50.0,50,314.253357
-50.0,50,314.42855
-50.0,50,314.6807
-50.0,50,314.873624
0.0,1,314.876364
-50.0,50,315.029721
-50.0,50,315.17553
-50.0,50,315.320299
-50.0,50,315.46509
-50.0,50,315.604913
-50.0,50,315.748911
-50.0,50,315.893131
-50.0,50,316.037036
-50.0,50,316.180147
-50.0,50,316.322823
-50.0,50,316.466003
-50.0,50,316.608695
-50.0,50,316.756934
-50.0,50,316.903252
-50.0,50,317.047721
-50.0,50,317.191902
-50.0,50,317.338317
-50.0,50,317.494901
-50.0,50,317.642185
-50.0,50,317.789962
-50.0,50,317.933185
-50.0,50,325.341062
-50.0,50,325.499195
-50.0,50,325.644069
-50.0,50,325.786857
-50.0,50,325.933363
-50.0,50,326.075202
-50.0,50,326.219609
-50.0,50,326.363467
-50.0,50,326.509327
-50.0,50,326.652297
-50.0,50,326.796365
-50.0,50,326.942927
-50.0,50,327.086407
-50.0,50,327.233349
-50.0,50,327.38049
-50.0,50,327.525491
-50.0,50,327.680395
-50.0,50,327.823542
-50.0,50,327.967623
-50.0,50,328.112051
-50.0,50,328.257227
-50.0,50,328.403746
-50.0,50,328.546665
-50.0,50,328.691962
-50.0,50,328.837912
-50.0,50,328.981724
-50.0,50,329.12501
-50.0,50,329.2727
-50.0,50,329.415834
-50.0,50,329.562065
-50.0,50,329.704615
-50.0,50,329.849276
-50.0,50,329.992763
-50.0,50,330.141039
-50.0,50,330.287862
-50.0,50,330.430049
-50.0,50,330.585114
-50.0,50,330.728443
-50.0,50,330.871404
-50.0,50,331.01549
-50.0,50,331.15957
-50.0,50,338.756921
-50.0,50,338.909985
-50.0,50,339.057476
-50.0,50,339.199972
-50.0,50,339.344655
-50.0,50,339.48564
-50.0,50,339.626839
-50.0,50,339.773122
-50.0,50,339.916865
-50.0,50,340.059906
-50.0,50,340.203694
-50.0,50,340.343299
-50.0,50,340.485844
-50.0,50,340.628758
-50.0,50,340.769454
-50.0,50,340.922312
-50.0,50,341.067639
-50.0,50,341.21102
-50.0,50,341.356409
0.0,1,341.359599
-50.0,50,341.500867
-50.0,50,341.642576
-50.0,50,341.78541
-50.0,50,341.928919
-50.0,50,342.069933
-50.0,50,342.214665
-50.0,50,342.3582
-50.0,50,342.499003
-50.0,50,342.64109
-50.0,50,342.784193
-50.0,50,342.92896
-50.0,50,343.073106
-50.0,50,343.218505
-50.0,50,343.362652
-50.0,50,343.50802
-50.0,50,343.652679
-50.0,50,343.805392
-50.0,50,343.949283
0.0,1,343.951818
-50.0,50,344.098282
-50.0,50,344.243264
-50.0,50,344.392138
-50.0,50,344.534029
-50.0,50,351.975188
-50.0,50,352.13032
-50.0,50,352.280594
-50.0,50,352.425925
-50.0,50,352.568138
-50.0,50,352.711352
-50.0,50,352.858871
-50.0,50,353.008092
0.0,1,353.010548
-50.0,50,353.155743
-50.0,50,353.300168
-50.0,50,353.442609
-50.0,50,353.587966
-50.0,50,353.731592
-50.0,50,353.875867
-50.0,50,354.029098
-50.0,50,354.172498
-50.0,50,354.31716
-50.0,50,354.460324
-50.0,50,354.604212
-50.0,50,354.745186
-50.0,50,354.888038
-50.0,50,355.034835
0.0,1,355.037636
-50.0,50,355.182145
-50.0,50,355.32536
-50.0,50,355.468645
-50.0,50,355.610709
-50.0,50,355.753346
-50.0,50,355.8957
-50.0,50,356.039481
-50.0,50,356.184655
-50.0,50,356.325012
0.0,1,356.327969
-50.0,50,356.473322
-50.0,50,356.615471
-50.0,50,356.759114
-50.0,50,356.91089
-50.0,50,357.054784
-50.0,50,357.201507
-50.0,50,357.347203
-50.0,50,357.491198
-50.0,50,357.634372
-50.0,50,357.775114
-50.0,50,365.184534
-50.0,50,365.3436
-50.0,50,365.485797
-50.0,50,365.630676
-50.0,50,365.774609
-50.0,50,365.921582
-50.0,50,366.064592
-50.0,50,366.207151
-50.0,50,366.352904
-50.0,50,366.496637
-50.0,50,366.639141
-50.0,50,366.784357
-50.0,50,366.92512
-50.0,50,367.076361
-50.0,50,367.221371
-50.0,50,367.363616
-50.0,50,367.505006
-50.0,50,367.64566
-50.0,50,367.787008
-50.0,50,367.931202
-50.0,50,368.073634
-50.0,50,368.214849
-50.0,50,368.359635
-50.0,50,368.503246
-50.0,50,368.64468
-50.0,50,368.787988
-50.0,50,368.931421
-50.0,50,369.073469
-50.0,50,369.217837
-50.0,50,369.358695
-50.0,50,369.502157
-50.0,50,369.642742
-50.0,50,369.786353
-50.0,50,369.939402
-50.0,50,370.081503
-50.0,50,370.22506
-50.0,50,370.368033
-50.0,50,370.508441
-50.0,50,370.65045
-50.0,50,370.796162
-50.0,50,370.937059
-50.0,50,378.297174
-50.0,50,378.450563
-50.0,50,378.594507
-50.0,50,378.73995
-50.0,50,378.885939
-50.0,50,379.030534
-50.0,50,379.17415
-50.0,50,379.3181
-50.0,50,379.465358
-50.0,50,379.608608
-50.0,50,379.750071
-50.0,50,379.893092
-50.0,50,380.044822
-50.0,50,380.189666
-50.0,50,380.341776
-50.0,50,380.484506
-50.0,50,380.628119
-50.0,50,380.767654
-50.0,50,380.911117
-50.0,50,381.053768
-50.0,50,381.196381
-50.0,50,381.339293
-50.0,50,381.482996
-50.0,50,381.625395
-50.0,50,381.767184
-50.0,50,381.911922
-50.0,50,382.051496
-50.0,50,382.192374
-50.0,50,382.333435
-50.0,50,382.478616
-50.0,50,382.618155
-50.0,50,382.759636
-50.0,50,382.914074
-50.0,50,383.058153
-50.0,50,383.199829
-50.0,50,383.343793
-50.0,50,383.486801
-50.0,50,383.62824
-50.0,50,383.768891
-50.0,50,383.912214
-50.0,50,384.056899
-50.0,50,391.380448
-50.0,50,391.534165
-50.0,50,391.675249
-50.0,50,391.817085
-50.0,50,391.961437
-50.0,50,392.104247
-50.0,50,392.248628
-50.0,50,392.393557
-50.0,50,392.537042
-50.0,50,392.676278
-50.0,50,392.816739
-50.0,50,392.969067
-50.0,50,393.111311
-50.0,50,393.253994
-50.0,50,393.398505
-50.0,50,393.542162
-50.0,50,393.683581
-50.0,50,393.82876
-50.0,50,393.972014
-50.0,50,394.114254
-50.0,50,394.256215
-50.0,50,394.400739
-50.0,50,394.545199
-50.0,50,394.687508
-50.0,50,394.831044
-50.0,50,394.973498
-50.0,50,395.113979
-50.0,50,395.257566
-50.0,50,395.400144
-50.0,50,395.542618
-50.0,50,395.686537
-50.0,50,395.838043
-50.0,50,395.979949
-50.0,50,396.122606
-50.0,50,396.26703
-50.0,50,396.410242
-50.0,50,396.554869
-50.0,50,396.698707
-50.0,50,396.83922
-50.0,50,396.980578
-50.0,50,397.12134
-50.0,50,404.39301
-50.0,50,404.547541
-50.0,50,404.69071
-50.0,50,404.832427
-50.0,50,404.974442
-50.0,50,405.11749
-50.0,50,405.258526
-50.0,50,405.403103
-50.0,50,405.547475
-50.0,50,405.691476
-50.0,50,405.846693
-50.0,50,405.989016
0.0,1,405.992068
-50.0,50,406.134876
-50.0,50,406.278008
-50.0,50,406.420852
-50.0,50,406.564069
-50.0,50,406.706475
-50.0,50,406.850615
-50.0,50,406.992254
-50.0,50,407.131654
-50.0,50,407.278387
-50.0,50,407.420659
-50.0,50,407.563572
-50.0,50,407.710306
-50.0,50,407.857481
0.0,1,407.860449
-50.0,50,408.004929
-50.0,50,408.150217
-50.0,50,408.297305
-50.0,50,408.441381
-50.0,50,408.587934
-50.0,50,408.743382
-50.0,50,408.889144
0.0,1,408.892901
-50.0,50,409.040753
-50.0,50,409.1903
-50.0,50,409.337291
-50.0,50,409.483795
-50.0,50,409.629116
-50.0,50,409.773293
-50.0,50,409.914843
-50.0,50,410.057136
-50.0,50,410.20051
-50.0,50,417.67076
-50.0,50,417.820518
-50.0,50,417.96627
-50.0,50,418.111358
-50.0,50,418.256456
-50.0,50,418.398108
-50.0,50,418.539274
-50.0,50,418.681918
-50.0,50,418.824966
-50.0,50,418.978807
-50.0,50,419.123061
-50.0,50,419.267931
-50.0,50,419.410983
-50.0,50,419.5543
-50.0,50,419.696505
-50.0,50,419.838228
-50.0,50,419.985619
-50.0,50,420.128792
-50.0,50,420.270924
-50.0,50,420.415151
-50.0,50,420.558053
-50.0,50,420.70087
-50.0,50,420.842037
-50.0,50,420.986205
-50.0,50,421.129251
-50.0,50,421.270343
-50.0,50,421.4134
-50.0,50,421.555943
-50.0,50,421.696035
-50.0,50,421.848573
-50.0,50,421.991801
-50.0,50,422.133944
-50.0,50,422.27704
-50.0,50,422.420375
-50.0,50,422.563541
-50.0,50,422.705245
-50.0,50,422.84991
-50.0,50,422.994316
-50.0,50,423.136557
-50.0,50,423.279786
-50.0,50,423.422956
-50.0,50,430.928774
-50.0,50,431.077131
-50.0,50,431.219283
-50.0,50,431.362685
-50.0,50,431.503941
-50.0,50,431.649778
-50.0,50,431.791735
-50.0,50,431.936676
-50.0,50,432.090889
-50.0,50,432.23677
-50.0,50,432.380783
-50.0,50,432.533539
-50.0,50,432.683523
-50.0,50,432.82734
-50.0,50,432.970212
-50.0,50,433.115762
-50.0,50,433.259594
-50.0,50,433.403752
-50.0,50,433.551429
-50.0,50,433.703646
-50.0,50,433.855494
-50.0,50,433.99853
-50.0,50,434.142181
-50.0,50,434.285802
-50.0,50,434.430718
-50.0,50,434.576946
-50.0,50,434.721765
-50.0,50,434.872037
-50.0,50,435.035698
-50.0,50,435.180669
-50.0,50,435.327135
-50.0,50,435.479
-50.0,50,435.623697
-50.0,50,435.771158
-50.0,50,435.91358
-50.0,50,436.080219
-50.0,50,436.299965
-50.0,50,436.455758
-50.0,50,436.606684
-50.0,50,436.749133
-50.0,50,436.976576
-50.0,50,444.385825
-50.0,50,444.535011
-50.0,50,444.676908
-50.0,50,444.822621
-50.0,50,444.968348
-50.0,50,445.113581
-50.0,50,445.258509
-50.0,50,445.410989
-50.0,50,445.552977
0.0,1,445.555767
-50.0,50,445.707851
-50.0,50,445.851589
-50.0,50,445.992048
-50.0,50,446.135267
-50.0,50,446.280541
-50.0,50,446.419429
-50.0,50,446.595528
-50.0,50,446.79671
-50.0,50,447.013744
-50.0,50,447.227641
-50.0,50,447.398238
-50.0,50,447.544344
-50.0,50,447.68926
-50.0,50,447.836757
-50.0,50,447.997522
-50.0,50,448.162233
-50.0,50,448.357213
-50.0,50,448.51999
-50.0,50,448.702625
-50.0,50,448.880254
-50.0,50,449.04205
-50.0,50,449.19107
-50.0,50,449.3338
-50.0,50,449.496159
-50.0,50,449.654705
-50.0,50,449.798608
-50.0,50,449.953096
-50.0,50,450.107792
-50.0,50,450.249936
-50.0,50,450.400441
-50.0,50,450.546805
-50.0,50,450.687759
-50.0,50,458.491882
-50.0,50,458.639716
-50.0,50,458.781116
-50.0,50,458.923696
-50.0,50,459.070219
-50.0,50,459.209364
-50.0,50,459.365311
-50.0,50,459.506419
-50.0,50,459.647319
-50.0,50,459.788455
-50.0,50,459.931051
-50.0,50,460.074262
-50.0,50,460.21955
-50.0,50,460.364367
-50.0,50,460.51751
-50.0,50,460.662866
-50.0,50,460.808103
-50.0,50,460.951367
-50.0,50,461.095952
0.0,1,461.099018
-50.0,50,461.239126
-50.0,50,461.402582
-50.0,50,461.565097
-50.0,50,461.724267
-50.0,50,461.86783
-50.0,50,462.010147
-50.0,50,462.155864
-50.0,50,462.326108
-50.0,50,462.487856
-50.0,50,462.647713
-50.0,50,462.807196
-50.0,50,462.978898
-50.0,50,463.170114
-50.0,50,463.344251
-50.0,50,463.55071
-50.0,50,463.70101
-50.0,50,463.848711
-50.0,50,463.995475
-50.0,50,464.140988
-50.0,50,464.28282
-50.0,50,464.423111
-50.0,50,464.565297
-50.0,50,472.341643
-50.0,50,472.487824
-50.0,50,472.634939
-50.0,50,472.775704
-50.0,50,472.918913
-50.0,50,473.078838
-50.0,50,473.222515
-50.0,50,473.365264
-50.0,50,473.508656
-50.0,50,473.649573
-50.0,50,473.795339
-50.0,50,473.937137
-50.0,50,474.078302
-50.0,50,474.223325
-50.0,50,474.3709
-50.0,50,474.530621
-50.0,50,474.685411
-50.0,50,474.83097
-50.0,50,474.985208
-50.0,50,475.138542
-50.0,50,475.284754
-50.0,50,475.501746
0.0,1,475.506018
-50.0,50,475.68171
-50.0,50,475.827298
-50.0,50,475.976481
-50.0,50,476.138358
-50.0,50,476.285855
-50.0,50,476.470646
-50.0,50,476.624619
-50.0,50,476.772625
-50.0,50,476.920522
-50.0,50,477.065881
-50.0,50,477.216712
-50.0,50,477.389018
-50.0,50,477.532848
-50.0,50,477.691565
-50.0,50,477.834852
-50.0,50,477.976468
-50.0,50,478.131313
-50.0,50,478.275348
-50.0,50,485.642915
-50.0,50,485.799755
-50.0,50,485.946309
-50.0,50,486.097859
-50.0,50,486.241951
-50.0,50,486.395434
-50.0,50,486.535808
-50.0,50,486.677625
-50.0,50,486.821648
-50.0,50,486.966121
0.0,1,486.968873
-50.0,50,487.111833
-50.0,50,487.255629
-50.0,50,487.397219
-50.0,50,487.549972
-50.0,50,487.692432
-50.0,50,487.836121
-50.0,50,487.983984
-50.0,50,488.12819
-50.0,50,488.270757
-50.0,50,488.414096
-50.0,50,488.556978
-50.0,50,488.69989
-50.0,50,488.842119
-50.0,50,488.985506
-50.0,50,489.130587
-50.0,50,489.286712
-50.0,50,489.428263
-50.0,50,489.569353
-50.0,50,489.710905
-50.0,50,489.85364
-50.0,50,489.99615
-50.0,50,490.139908
-50.0,50,490.282592
-50.0,50,490.431387
-50.0,50,490.577237
-50.0,50,490.723777
-50.0,50,490.866625
-50.0,50,491.011865
-50.0,50,491.161057
-50.0,50,491.305735
-50.0,50,491.461235
-50.0,50,498.797214
-50.0,50,498.962246
-50.0,50,499.11321
-50.0,50,499.256123
-50.0,50,499.414198
-50.0,50,499.557193
-50.0,50,499.698157
-50.0,50,499.841052
-50.0,50,499.987947
-50.0,50,500.134649
-50.0,50,500.279341
-50.0,50,500.422282
-50.0,50,500.573143
-50.0,50,500.777797
-50.0,50,500.926969
-50.0,50,501.072663
-50.0,50,501.227316
-50.0,50,501.377944
-50.0,50,501.520232
-50.0,50,501.702202
-50.0,50,501.854558
-50.0,50,502.005724
-50.0,50,502.151138
-50.0,50,502.329969
-50.0,50,502.488508
-50.0,50,502.642677
-50.0,50,502.78959
-50.0,50,502.95599
-50.0,50,503.099872
-50.0,50,503.24611
-50.0,50,503.399873
-50.0,50,503.566723
-50.0,50,503.717644
-50.0,50,503.865758
-50.0,50,504.065077
-50.0,50,504.25155
-50.0,50,504.398241
-50.0,50,504.544791
0.0,1,504.547267
-50.0,50,504.689541
-50.0,50,504.833279
-50.0,50,504.982562
-50.0,50,512.462619
-50.0,50,512.620841
-50.0,50,512.763522
-50.0,50,512.920176
-50.0,50,513.061289
0.0,1,513.064193
-50.0,50,513.209162
-50.0,50,513.35093
-50.0,50,513.49383
-50.0,50,513.635853
-50.0,50,513.777632
-50.0,50,513.920738
-50.0,50,514.067516
-50.0,50,514.210641
-50.0,50,514.352994
-50.0,50,514.499249
-50.0,50,514.640054
-50.0,50,514.78172
-50.0,50,514.928255
-50.0,50,515.073931
-50.0,50,515.219392
-50.0,50,515.364733
-50.0,50,515.510347
-50.0,50,515.650805
-50.0,50,515.804602
-50.0,50,515.946649
-50.0,50,516.091675
-50.0,50,516.242796
-50.0,50,516.388135
-50.0,50,516.549078
-50.0,50,516.715506
-50.0,50,516.877693
-50.0,50,517.041052
-50.0,50,517.203284
-50.0,50,517.370681
-50.0,50,517.538423
-50.0,50,517.693895
-50.0,50,517.857088
-50.0,50,518.024907
-50.0,50,518.18013
-50.0,50,518.342098
-50.0,50,518.580071
-50.0,50,526.944325
0.0,1,526.947781
-50.0,50,527.113895
-50.0,50,527.326029
-50.0,50,527.490271
-50.0,50,527.641519
-50.0,50,527.813513
-50.0,50,527.972731
-50.0,50,528.150335
-50.0,50,528.305986
-50.0,50,528.549733
-50.0,50,528.720263
-50.0,50,528.871017
-50.0,50,529.019314
-50.0,50,529.18092
-50.0,50,529.346781
-50.0,50,529.50439
-50.0,50,529.652822
-50.0,50,529.818081
-50.0,50,529.967758
-50.0,50,530.128161
-50.0,50,530.278336
-50.0,50,530.432005
-50.0,50,530.595279
-50.0,50,530.788054
-50.0,50,530.93741
-50.0,50,531.082072
-50.0,50,531.23286
-50.0,50,531.386158
-50.0,50,531.539081
-50.0,50,531.685912
-50.0,50,531.84148
-50.0,50,531.984021
-50.0,50,532.196972
-50.0,50,532.369266
-50.0,50,532.512773
-50.0,50,532.659847
-50.0,50,532.813285
-50.0,50,532.964988
-50.0,50,533.114845
-50.0,50,533.266237
-50.0,50,533.410202
-50.0,50,0.59094
-50.0,50,0.758273
-50.0,50,0.920178
-50.0,50,1.060017
-50.0,50,1.203589
-50.0,50,1.343423
-50.0,50,1.485639
-50.0,50,1.624056
-50.0,50,1.763426
-50.0,50,1.901589
-50.0,50,2.040897
-50.0,50,2.181634
-50.0,50,2.326389
-50.0,50,2.473707
-50.0,50,2.614273
-50.0,50,2.760769
-50.0,50,2.90634
-50.0,50,3.057417
-50.0,50,3.203745
-50.0,50,3.346351
-50.0,50,3.544971
-50.0,50,3.686662
-50.0,50,3.829731
-50.0,50,3.984781
-50.0,50,4.132303
-50.0,50,4.276465
-50.0,50,4.415961
-50.0,50,4.559683
-50.0,50,4.702029
-50.0,50,4.857562
-50.0,50,5.013944
-50.0,50,5.166012
-50.0,50,5.330623
-50.0,50,5.486125
0.0,1,5.489354
-50.0,50,5.644435
-50.0,50,5.79627
-50.0,50,5.955687
-50.0,50,6.115924
-50.0,50,6.273606
-50.0,50,6.427835
0.0,1,6.431765
-50.0,50,13.73805
-50.0,50,13.89042
-50.0,50,14.037157
-50.0,50,14.178219
0.0,1,14.181487
-50.0,50,14.319568
-50.0,50,14.460601
-50.0,50,14.601415
-50.0,50,14.742755
-50.0,50,14.883135
-50.0,50,15.022921
-50.0,50,15.1653
-50.0,50,15.306684
-50.0,50,15.445442
-50.0,50,15.584764
-50.0,50,15.726385
-50.0,50,15.865596
-50.0,50,16.007432
-50.0,50,16.148626
-50.0,50,16.287301
-50.0,50,16.443205
-50.0,50,16.581832
-50.0,50,16.721775
-50.0,50,16.859515
-50.0,50,16.998615
-50.0,50,17.14037
-50.0,50,17.278881
-50.0,50,17.420986
-50.0,50,17.560111
-50.0,50,17.700812
-50.0,50,17.843794
-50.0,50,17.980797
-50.0,50,18.12158
-50.0,50,18.26492
-50.0,50,18.403884
-50.0,50,18.543427
-50.0,50,18.686557
-50.0,50,18.827243
-50.0,50,18.964771
-50.0,50,19.105045
-50.0,50,19.257074
-50.0,50,19.397279
-50.0,50,26.338559
-50.0,50,26.500611
-50.0,50,26.642531
-50.0,50,26.782592
-50.0,50,26.922665
-50.0,50,27.064065
-50.0,50,27.20441
-50.0,50,27.343999
-50.0,50,27.48529
-50.0,50,27.626725
-50.0,50,27.767762
-50.0,50,27.90929
-50.0,50,28.048279
-50.0,50,28.188006
-50.0,50,28.328659
-50.0,50,28.46914
-50.0,50,28.608945
-50.0,50,28.748523
-50.0,50,28.900759
-50.0,50,29.04043
-50.0,50,29.180879
-50.0,50,29.322258
-50.0,50,29.462474
-50.0,50,29.601881
0.0,1,29.605218
-50.0,50,29.743859
-50.0,50,29.882461
-50.0,50,30.024506
-50.0,50,30.164743
-50.0,50,30.302834
-50.0,50,30.444419
-50.0,50,30.582492
-50.0,50,30.72388
0.0,1,30.727354
-50.0,50,30.867436
-50.0,50,31.008986
-50.0,50,31.150413
-50.0,50,31.292248
-50.0,50,31.433742
-50.0,50,31.572098
-50.0,50,31.727936
-50.0,50,31.86759
-50.0,50,32.004857
-50.0,50,38.936061
-50.0,50,39.092828
-50.0,50,39.235299
-50.0,50,39.375192
-50.0,50,39.514312
-50.0,50,39.655711
-50.0,50,39.795936
-50.0,50,39.934731
-50.0,50,40.075304
-50.0,50,40.215652
-50.0,50,40.355366
-50.0,50,40.496247
-50.0,50,40.634968
-50.0,50,40.773428
-50.0,50,40.913378
-50.0,50,41.053058
-50.0,50,41.195512
-50.0,50,41.34808
-50.0,50,41.490007
-50.0,50,41.629201
-50.0,50,41.769736
-50.0,50,41.90987
-50.0,50,42.049786
-50.0,50,42.189437
-50.0,50,42.330191
-50.0,50,42.471288
-50.0,50,42.611828
-50.0,50,42.756925
-50.0,50,42.897273
-50.0,50,43.035737
0.0,1,43.038639
-50.0,50,43.179185
-50.0,50,43.321105
-50.0,50,43.460875
-50.0,50,43.600133
-50.0,50,43.740888
-50.0,50,43.878401
-50.0,50,44.019989
-50.0,50,44.171966
-50.0,50,44.313024
-50.0,50,44.455175
-50.0,50,44.596047
-50.0,50,51.530398
0.0,1,51.534783
-50.0,50,51.695052
-50.0,50,51.834228
-50.0,50,51.974598
-50.0,50,52.114621
-50.0,50,52.257367
-50.0,50,52.396592
-50.0,50,52.53633
-50.0,50,52.677979
-50.0,50,52.818953
-50.0,50,52.959678
-50.0,50,53.099655
-50.0,50,53.240195
-50.0,50,53.380719
-50.0,50,53.521826
-50.0,50,53.661763
-50.0,50,53.816174
-50.0,50,53.954983
-50.0,50,54.095275
-50.0,50,54.235795
-50.0,50,54.37772
-50.0,50,54.516109
-50.0,50,54.657429
0.0,1,54.660206
-50.0,50,54.801259
-50.0,50,54.943026
-50.0,50,55.086725
-50.0,50,55.228603
-50.0,50,55.369832
0.0,1,55.372893
-50.0,50,55.511802
-50.0,50,55.653775
-50.0,50,55.792174
-50.0,50,55.931079
-50.0,50,56.071759
-50.0,50,56.213211
-50.0,50,56.354795
-50.0,50,56.496616
-50.0,50,56.650264
-50.0,50,56.789563
-50.0,50,56.929619
-50.0,50,57.07308
-50.0,50,57.214899
-50.0,50,64.122455
-50.0,50,64.282301
-50.0,50,64.423575
-50.0,50,64.566887
-50.0,50,64.706951
-50.0,50,64.84758
-50.0,50,64.988361
-50.0,50,65.128647
-50.0,50,65.269215
-50.0,50,65.409379
-50.0,50,65.550677
-50.0,50,65.691134
-50.0,50,65.830364
-50.0,50,65.969216
-50.0,50,66.108915
-50.0,50,66.261218
-50.0,50,66.401231
-50.0,50,66.540749
-50.0,50,66.680389
0.0,1,66.683489
-50.0,50,66.82617
-50.0,50,66.965031
-50.0,50,67.105401
-50.0,50,67.246445
-50.0,50,67.38581
-50.0,50,67.525796
-50.0,50,67.667867
-50.0,50,67.808187
-50.0,50,67.948147
-50.0,50,68.090294
-50.0,50,68.229929
-50.0,50,68.371112
-50.0,50,68.516342
-50.0,50,68.655036
-50.0,50,68.795913
-50.0,50,68.939109
-50.0,50,69.092697
-50.0,50,69.233242
-50.0,50,69.373872
-50.0,50,69.514364
-50.0,50,69.653966
-50.0,50,69.794879
-50.0,50,76.709527
-50.0,50,76.864674
-50.0,50,77.007052
-50.0,50,77.148219
-50.0,50,77.287753
-50.0,50,77.432896
-50.0,50,77.573359
-50.0,50,77.715443
-50.0,50,77.858767
-50.0,50,78.000101
-50.0,50,78.141922
-50.0,50,78.283824
-50.0,50,78.424624
-50.0,50,78.567435
-50.0,50,78.724103
-50.0,50,78.865203
-50.0,50,79.006269
-50.0,50,79.147076
-50.0,50,79.286323
-50.0,50,79.424953
0.0,1,79.427934
-50.0,50,79.571143
-50.0,50,79.712106
-50.0,50,79.849903
-50.0,50,79.993786
-50.0,50,80.136766
-50.0,50,80.277993
-50.0,50,80.419565
-50.0,50,80.561327
-50.0,50,80.70135
-50.0,50,80.845015
-50.0,50,80.984529
-50.0,50,81.12496
-50.0,50,81.264022
-50.0,50,81.407153
-50.0,50,81.560315
-50.0,50,81.704978
-50.0,50,81.844187
-50.0,50,81.9866
-50.0,50,82.129746
-50.0,50,82.269992
-50.0,50,82.412454
-50.0,50,89.766944
-50.0,50,89.99108
-50.0,50,90.156255
-50.0,50,90.300135
-50.0,50,90.45479
-50.0,50,90.602318
-50.0,50,90.759678
-50.0,50,90.908045
-50.0,50,91.163682
0.0,1,91.167345
-50.0,50,91.330115
-50.0,50,91.489099
-50.0,50,91.642527
-50.0,50,91.802762
-50.0,50,91.977212
-50.0,50,92.121668
-50.0,50,92.269003
-50.0,50,92.41678
-50.0,50,92.560178
-50.0,50,92.707906
-50.0,50,92.851082
-50.0,50,92.993065
-50.0,50,93.137641
-50.0,50,93.277382
-50.0,50,93.422673
-50.0,50,93.567634
-50.0,50,93.708489
-50.0,50,93.859285
-50.0,50,94.014004
-50.0,50,94.162402
-50.0,50,94.304778
-50.0,50,94.447008
-50.0,50,94.590753
-50.0,50,94.734333
-50.0,50,94.887675
-50.0,50,95.030707
-50.0,50,95.173084
-50.0,50,95.314585
-50.0,50,95.45871
-50.0,50,95.600791
-50.0,50,95.743086
-50.0,50,95.883818
-50.0,50,102.997037
-50.0,50,103.154107
-50.0,50,103.296416
-50.0,50,103.439689
-50.0,50,103.584797
-50.0,50,103.728252
-50.0,50,103.870164
-50.0,50,104.012659
-50.0,50,104.158337
-50.0,50,104.298738
-50.0,50,104.449249
-50.0,50,104.596348
-50.0,50,104.774046
-50.0,50,104.917485
-50.0,50,105.12292
-50.0,50,105.271046
0.0,1,105.274175
-50.0,50,105.419353
-50.0,50,105.56151
-50.0,50,105.717681
-50.0,50,105.873651
-50.0,50,106.030205
-50.0,50,106.184609
-50.0,50,106.341872
-50.0,50,106.499072
-50.0,50,106.6619
-50.0,50,106.813918
-50.0,50,106.963403
-50.0,50,107.127665
-50.0,50,107.278841
-50.0,50,107.428244
-50.0,50,107.57537
-50.0,50,107.723638
-50.0,50,107.886184
-50.0,50,108.031434
-50.0,50,108.17643
-50.0,50,108.324216
-50.0,50,108.470568
-50.0,50,108.618697
-50.0,50,108.766788
-50.0,50,108.911272
-50.0,50,109.057674
0.0,1,109.060826
-50.0,50,116.582705
-50.0,50,116.74132
-50.0,50,116.88789
-50.0,50,117.032545
-50.0,50,117.177733
-50.0,50,117.324951
-50.0,50,117.486431
-50.0,50,117.633432
-50.0,50,117.780027
-50.0,50,117.926362
-50.0,50,118.074672
-50.0,50,118.233843
-50.0,50,118.380379
-50.0,50,118.526011
-50.0,50,118.673377
-50.0,50,118.82394
-50.0,50,118.970349
-50.0,50,119.114818
-50.0,50,119.261279
-50.0,50,119.40788
-50.0,50,119.557747
-50.0,50,119.704827
-50.0,50,119.851961
-50.0,50,119.999259
-50.0,50,120.144396
-50.0,50,120.290836
-50.0,50,120.436304
-50.0,50,120.579939
-50.0,50,120.725529
-50.0,50,120.873054
-50.0,50,121.021683
-50.0,50,121.182659
-50.0,50,121.329744
-50.0,50,121.474098
-50.0,50,121.618512
-50.0,50,121.76644
-50.0,50,121.912941
-50.0,50,122.058741
-50.0,50,122.210034
-50.0,50,122.361608
-50.0,50,122.509008
-50.0,50,130.196431
-50.0,50,130.354027
-50.0,50,130.500514
-50.0,50,130.645864
-50.0,50,130.791759
-50.0,50,130.938896
-50.0,50,131.088492
-50.0,50,131.234476
-50.0,50,131.380429
-50.0,50,131.527336
-50.0,50,131.686743
-50.0,50,131.829769
-50.0,50,131.976055
-50.0,50,132.129018
-50.0,50,132.279284
-50.0,50,132.426391
-50.0,50,132.572905
-50.0,50,132.721013
-50.0,50,132.867655
-50.0,50,133.014524
-50.0,50,133.162457
-50.0,50,133.308575
-50.0,50,133.454885
-50.0,50,133.601607
-50.0,50,133.750023
-50.0,50,133.897122
-50.0,50,134.043034
-50.0,50,134.190956
-50.0,50,134.339003
-50.0,50,134.485897
-50.0,50,134.64438
-50.0,50,134.789858
-50.0,50,134.934701
-50.0,50,135.08062
-50.0,50,135.225096
-50.0,50,135.38694
0.0,1,135.392235
-50.0,50,135.560634
-50.0,50,135.719559
-50.0,50,135.885121
-50.0,50,136.040347
-50.0,50,136.19565
-50.0,50,143.964338
-50.0,50,144.117676
-50.0,50,144.263137
-50.0,50,144.409623
-50.0,50,144.554668
-50.0,50,144.699649
-50.0,50,144.84712
-50.0,50,144.991774
-50.0,50,145.153255
-50.0,50,145.314271
-50.0,50,145.490599
-50.0,50,145.646315
-50.0,50,145.78989
-50.0,50,145.93745
-50.0,50,146.101176
-50.0,50,146.245514
-50.0,50,146.392486
-50.0,50,146.538334
-50.0,50,146.683692
-50.0,50,146.825291
-50.0,50,146.967172
-50.0,50,147.11087
-50.0,50,147.252414
0.0,1,147.255523
-50.0,50,147.397143
-50.0,50,147.540477
-50.0,50,147.698477
-50.0,50,147.869418
-50.0,50,148.03879
-50.0,50,148.220256
-50.0,50,148.421463
-50.0,50,148.579167
-50.0,50,148.727147
-50.0,50,148.871904
-50.0,50,149.015933
-50.0,50,149.16017
-50.0,50,149.321025
0.0,1,149.323989
-50.0,50,149.4743
-50.0,50,149.616775
-50.0,50,149.759991
-50.0,50,149.902713
-50.0,50,150.047905
-50.0,50,157.128882
-50.0,50,157.279452
-50.0,50,157.426568
-50.0,50,157.569083
-50.0,50,157.715051
-50.0,50,157.864113
-50.0,50,158.012744
-50.0,50,158.16573
-50.0,50,158.331846
-50.0,50,158.482609
-50.0,50,158.630945
-50.0,50,158.774026
-50.0,50,158.918122
-50.0,50,159.059931
-50.0,50,159.202368
-50.0,50,159.342723
-50.0,50,159.485699
-50.0,50,159.626511
-50.0,50,159.767057
-50.0,50,159.909752
-50.0,50,160.051831
-50.0,50,160.19158
-50.0,50,160.333976
-50.0,50,160.475516
-50.0,50,160.618274
-50.0,50,160.758183
-50.0,50,160.899755
-50.0,50,161.039363
-50.0,50,161.196452
-50.0,50,161.344022
-50.0,50,161.494294
-50.0,50,161.640189
-50.0,50,161.780586
-50.0,50,161.921805
-50.0,50,162.064159
-50.0,50,162.206424
-50.0,50,162.350551
-50.0,50,162.492875
-50.0,50,162.636095
-50.0,50,162.780554
-50.0,50,162.920786
-50.0,50,169.926389
-50.0,50,170.0801
-50.0,50,170.222514
-50.0,50,170.369114
-50.0,50,170.516519
0.0,1,170.520699
-50.0,50,170.670086
-50.0,50,170.821522
-50.0,50,170.9837
-50.0,50,171.132616
-50.0,50,171.284177
-50.0,50,171.433584
0.0,1,171.436796
-50.0,50,171.585058
-50.0,50,171.725306
-50.0,50,171.865992
-50.0,50,172.011436
-50.0,50,172.15408
-50.0,50,172.301004
-50.0,50,172.449859
-50.0,50,172.590689
-50.0,50,172.733148
-50.0,50,172.876213
-50.0,50,173.019365
-50.0,50,173.168538
-50.0,50,173.312148
-50.0,50,173.453249
-50.0,50,173.596744
-50.0,50,173.749702
0.0,1,173.752885
-50.0,50,173.91559
-50.0,50,174.065143
-50.0,50,174.216763
-50.0,50,174.36377
-50.0,50,174.510782
0.0,1,174.513549
-50.0,50,174.660807
-50.0,50,174.808641
-50.0,50,174.960516
-50.0,50,175.109981
-50.0,50,175.256836
-50.0,50,175.408356
-50.0,50,175.55574
-50.0,50,175.702286
-50.0,50,175.845947
-50.0,50,183.094046
-50.0,50,183.250642
-50.0,50,183.400023
-50.0,50,183.544165
-50.0,50,183.690001
-50.0,50,183.830297
-50.0,50,183.987423
-50.0,50,184.132441
-50.0,50,184.274391
-50.0,50,184.420622
-50.0,50,184.563652
-50.0,50,184.707266
-50.0,50,184.851141
-50.0,50,184.994339
-50.0,50,185.138733
-50.0,50,185.283027
-50.0,50,185.425236
-50.0,50,185.565839
-50.0,50,185.706717
-50.0,50,185.847519
-50.0,50,185.991721
-50.0,50,186.134472
-50.0,50,186.275686
-50.0,50,186.41971
-50.0,50,186.560606
-50.0,50,186.702181
-50.0,50,186.860434
-50.0,50,187.004961
-50.0,50,187.147416
-50.0,50,187.292675
-50.0,50,187.435276
-50.0,50,187.577935
-50.0,50,187.722584
-50.0,50,187.875641
-50.0,50,188.026996
-50.0,50,188.179488
-50.0,50,188.326426
-50.0,50,188.476174
-50.0,50,188.623184
-50.0,50,188.775116
-50.0,50,195.636236
-50.0,50,195.797418
-50.0,50,195.946578
-50.0,50,196.090938
-50.0,50,196.233295
-50.0,50,196.37699
-50.0,50,196.5372
-50.0,50,196.68113
-50.0,50,196.825202
-50.0,50,196.969783
-50.0,50,197.112298
-50.0,50,197.25451
-50.0,50,197.398875
-50.0,50,197.542325
-50.0,50,197.687126
-50.0,50,197.83417
-50.0,50,197.979849
-50.0,50,198.126172
-50.0,50,198.270366
-50.0,50,198.412483
-50.0,50,198.555557
-50.0,50,198.698239
-50.0,50,198.846156
-50.0,50,198.991916
-50.0,50,199.13391
-50.0,50,199.2782
-50.0,50,199.43412
-50.0,50,199.575028
-50.0,50,199.727451
-50.0,50,199.879
-50.0,50,200.022251
-50.0,50,200.169025
-50.0,50,200.318363
-50.0,50,200.462572
-50.0,50,200.605895
-50.0,50,200.747036
-50.0,50,200.890584
-50.0,50,201.033194
-50.0,50,201.176428
-50.0,50,201.318963
-50.0,50,201.461899
-50.0,50,209.137008
-50.0,50,209.301773
-50.0,50,209.45507
-50.0,50,209.600438
-50.0,50,209.771348
-50.0,50,209.932428
-50.0,50,210.103698
-50.0,50,210.254522
-50.0,50,210.414837
-50.0,50,210.562841
-50.0,50,210.71545
-50.0,50,210.986772
-50.0,50,211.158251
-50.0,50,211.309317
-50.0,50,211.452341
-50.0,50,211.648207
-50.0,50,211.795331
-50.0,50,211.945736
-50.0,50,212.094724
-50.0,50,212.239385
-50.0,50,212.389418
-50.0,50,212.542684
-50.0,50,212.694014
-50.0,50,212.841525
-50.0,50,213.024851
-50.0,50,213.202871
-50.0,50,213.35519
-50.0,50,213.5083
-50.0,50,213.655065
-50.0,50,213.802118
-50.0,50,214.003156
-50.0,50,214.160789
-50.0,50,214.303977
-50.0,50,214.53249
-50.0,50,214.678269
-50.0,50,214.821112
-50.0,50,214.96577
-50.0,50,215.109373
-50.0,50,215.252888
-50.0,50,215.394463
-50.0,50,215.538534
-50.0,50,223.084544
-50.0,50,223.248945
-50.0,50,223.445886
-50.0,50,223.589713
-50.0,50,223.758446
-50.0,50,223.906852
-50.0,50,224.137208
-50.0,50,224.283127
-50.0,50,224.42736
-50.0,50,224.570188
-50.0,50,224.714473
-50.0,50,224.857609
-50.0,50,224.999814
-50.0,50,225.142436
-50.0,50,225.285619
-50.0,50,225.430519
-50.0,50,225.571658
-50.0,50,225.738122
-50.0,50,225.958344
-50.0,50,226.11277
-50.0,50,226.336049
-50.0,50,226.481467
-50.0,50,226.621686
-50.0,50,226.770611
-50.0,50,226.931118
-50.0,50,227.073541
-50.0,50,227.217432
-50.0,50,227.360932
-50.0,50,227.502848
-50.0,50,227.647146
-50.0,50,227.790245
-50.0,50,227.936435
-50.0,50,228.080298
-50.0,50,228.226335
-50.0,50,228.371426
-50.0,50,228.51379
-50.0,50,228.657068
-50.0,50,228.800925
-50.0,50,228.945654
-50.0,50,229.086659
-50.0,50,229.229527
-50.0,50,236.823845
-50.0,50,236.988284
-50.0,50,237.137423
-50.0,50,237.296885
-50.0,50,237.460946
-50.0,50,237.641386
-50.0,50,237.785764
0.0,1,237.788597
-50.0,50,237.932439
-50.0,50,238.079578
-50.0,50,238.232626
-50.0,50,238.37598
-50.0,50,238.520584
-50.0,50,238.666805
-50.0,50,238.811568
-50.0,50,238.956809
0.0,1,238.960203
-50.0,50,239.10409
-50.0,50,239.251984
-50.0,50,239.392602
-50.0,50,239.543616
-50.0,50,239.691624
-50.0,50,239.834382
-50.0,50,239.979662
-50.0,50,240.125007
-50.0,50,240.287329
-50.0,50,240.434882
-50.0,50,240.604907
-50.0,50,240.789799
-50.0,50,240.932713
0.0,1,240.93541
-50.0,50,241.079955
-50.0,50,241.222432
-50.0,50,241.36344
-50.0,50,241.506176
-50.0,50,241.649953
-50.0,50,241.79035
-50.0,50,241.932635
-50.0,50,242.073639
0.0,1,242.07711
-50.0,50,242.223403
-50.0,50,242.366298
-50.0,50,242.509394
-50.0,50,242.65151
-50.0,50,242.796674
-50.0,50,250.022284
-50.0,50,250.19106
-50.0,50,250.354932
-50.0,50,250.502671
-50.0,50,250.64765
-50.0,50,250.801105
-50.0,50,250.949862
-50.0,50,251.099357
-50.0,50,251.246415
-50.0,50,251.390291
0.0,1,251.393062
-50.0,50,251.549441
-50.0,50,251.706678
-50.0,50,251.858952
-50.0,50,252.005605
-50.0,50,252.260705
-50.0,50,252.442401
-50.0,50,252.584953
-50.0,50,252.730854
-50.0,50,252.875881
-50.0,50,253.02459
-50.0,50,253.170955
-50.0,50,253.319319
-50.0,50,253.479424
-50.0,50,253.624937
-50.0,50,253.768005
-50.0,50,253.906347
-50.0,50,254.050655
-50.0,50,254.20637
-50.0,50,254.360767
-50.0,50,254.509898
-50.0,50,254.728094
-50.0,50,254.872632
-50.0,50,255.014933
-50.0,50,255.158177
-50.0,50,255.304603
-50.0,50,255.446082
0.0,1,255.448934
-50.0,50,255.59183
-50.0,50,255.73431
-50.0,50,255.879705
-50.0,50,256.023596
-50.0,50,256.169964
-50.0,50,263.867827
-50.0,50,264.055541
-50.0,50,264.207003
-50.0,50,264.354816
-50.0,50,264.559394
-50.0,50,264.702937
-50.0,50,264.846929
-50.0,50,264.991183
-50.0,50,265.136036
-50.0,50,265.277888
-50.0,50,265.420849
-50.0,50,265.564986
-50.0,50,265.706351
-50.0,50,265.847622
-50.0,50,265.991135
-50.0,50,266.133964
-50.0,50,266.277794
-50.0,50,266.421971
-50.0,50,266.565492
-50.0,50,266.709771
-50.0,50,266.852934
-50.0,50,267.011524
-50.0,50,267.156371
-50.0,50,267.299561
-50.0,50,267.442707
-50.0,50,267.583588
-50.0,50,267.726804
-50.0,50,267.871815
-50.0,50,268.012929
-50.0,50,268.155072
-50.0,50,268.299582
-50.0,50,268.445153
-50.0,50,268.590524
-50.0,50,268.739611
-50.0,50,268.891167
-50.0,50,269.040638
-50.0,50,269.187612
-50.0,50,269.339066
-50.0,50,269.487617
-50.0,50,269.641033
-50.0,50,269.784968
-50.0,50,276.730701
-50.0,50,276.894134
-50.0,50,277.036698
-50.0,50,277.179423
-50.0,50,277.321652
-50.0,50,277.465863
-50.0,50,277.608552
-50.0,50,277.751369
-50.0,50,277.892836
-50.0,50,278.037084
-50.0,50,278.180071
-50.0,50,278.322176
-50.0,50,278.468194
-50.0,50,278.613591
-50.0,50,278.756241
-50.0,50,278.899547
-50.0,50,279.044315
-50.0,50,279.188921
-50.0,50,279.332541
-50.0,50,279.475787
-50.0,50,279.635012
-50.0,50,279.778817
-50.0,50,279.923837
-50.0,50,280.070323
-50.0,50,280.215775
-50.0,50,280.372764
-50.0,50,280.519176
-50.0,50,280.668404
-50.0,50,280.816514
-50.0,50,280.963166
-50.0,50,281.110853
-50.0,50,281.255428
-50.0,50,281.399831
-50.0,50,281.546936
-50.0,50,281.690967
-50.0,50,281.835134
-50.0,50,281.979616
-50.0,50,282.124733
-50.0,50,282.267448
-50.0,50,282.411779
-50.0,50,282.57451
-50.0,50,289.706886
-50.0,50,289.875322
-50.0,50,290.022397
-50.0,50,290.167562
-50.0,50,290.313309
-50.0,50,290.457601
-50.0,50,290.60238
-50.0,50,290.751516
-50.0,50,290.898914
-50.0,50,291.044599
-50.0,50,291.193688
-50.0,50,291.338193
-50.0,50,291.488123
-50.0,50,291.641125
-50.0,50,291.855241
0.0,1,291.859655
-50.0,50,292.038958
-50.0,50,292.18845
-50.0,50,292.334666
-50.0,50,292.487458
-50.0,50,292.650196
-50.0,50,292.795206
-50.0,50,292.93796
-50.0,50,293.0865
-50.0,50,293.229636
-50.0,50,293.371107
-50.0,50,293.517659
-50.0,50,293.660704
-50.0,50,293.805421
-50.0,50,293.94522
-50.0,50,294.089278
-50.0,50,294.235771
-50.0,50,294.383549
-50.0,50,294.529229
-50.0,50,294.715327
-50.0,50,294.860875
0.0,1,294.863772
-50.0,50,295.012263
-50.0,50,295.163325
-50.0,50,295.30798
-50.0,50,295.47043
-50.0,50,295.637888
-50.0,50,295.783861
-50.0,50,303.422368
-50.0,50,303.583459
-50.0,50,303.727898
-50.0,50,303.874294
-50.0,50,304.019853
-50.0,50,304.163153
-50.0,50,304.307474
-50.0,50,304.451917
-50.0,50,304.595047
-50.0,50,304.742885
-50.0,50,304.888382
-50.0,50,305.032744
-50.0,50,305.176829
-50.0,50,305.319695
-50.0,50,305.462679
-50.0,50,305.606385
-50.0,50,305.750014
-50.0,50,305.893188
-50.0,50,306.051447
-50.0,50,306.19621
-50.0,50,306.340442
-50.0,50,306.48423
-50.0,50,306.63056
-50.0,50,306.779591
-50.0,50,306.93608
0.0,1,306.938494
-50.0,50,307.08927
-50.0,50,307.242489
-50.0,50,307.417555
-50.0,50,307.587694
-50.0,50,307.735938
-50.0,50,307.879549
-50.0,50,308.026931
-50.0,50,308.171134
-50.0,50,308.314635
-50.0,50,308.459221
-50.0,50,308.600453
-50.0,50,308.744258
-50.0,50,308.886777
-50.0,50,309.044514
-50.0,50,309.189554
-50.0,50,309.333328
-50.0,50,316.211898
-50.0,50,316.376678
-50.0,50,316.521235
-50.0,50,316.66515
0.0,1,316.66838
-50.0,50,316.815914
-50.0,50,316.958893
-50.0,50,317.101125
-50.0,50,317.246885
-50.0,50,317.390067
-50.0,50,317.535575
-50.0,50,317.679446
-50.0,50,317.824165
-50.0,50,317.970358
-50.0,50,318.113669
-50.0,50,318.255648
-50.0,50,318.401888
-50.0,50,318.548754
-50.0,50,318.712995
-50.0,50,318.861128
-50.0,50,319.003924
-50.0,50,319.147724
-50.0,50,319.293253
-50.0,50,319.442889
-50.0,50,319.594717
-50.0,50,319.742586
-50.0,50,319.89051
-50.0,50,320.040269
-50.0,50,320.194445
-50.0,50,320.347145
-50.0,50,320.500944
-50.0,50,320.650565
-50.0,50,320.793386
-50.0,50,320.936819
-50.0,50,321.080155
-50.0,50,321.224429
-50.0,50,321.369764
-50.0,50,321.515353
-50.0,50,321.67259
-50.0,50,321.820408
-50.0,50,321.963499
-50.0,50,322.109253
-50.0,50,329.147344
0.0,1,329.15195
-50.0,50,329.31549
-50.0,50,329.466498
-50.0,50,329.61743
-50.0,50,329.78397
-50.0,50,329.943085
-50.0,50,330.088605
-50.0,50,330.232073
-50.0,50,330.378685
-50.0,50,330.533577
-50.0,50,330.676991
-50.0,50,330.821588
-50.0,50,330.976231
-50.0,50,331.126273
-50.0,50,331.27873
-50.0,50,331.428355
-50.0,50,331.70915
-50.0,50,331.884434
-50.0,50,332.028866
-50.0,50,332.174578
-50.0,50,332.323029
-50.0,50,332.468636
-50.0,50,332.611888
-50.0,50,332.756828
-50.0,50,332.901293
-50.0,50,333.044384
-50.0,50,333.185965
-50.0,50,333.330324
-50.0,50,333.474265
-50.0,50,333.618519
-50.0,50,333.761902
-50.0,50,333.906085
-50.0,50,334.057344
-50.0,50,334.206575
-50.0,50,334.355248
-50.0,50,334.505536
-50.0,50,334.670455
-50.0,50,334.816198
-50.0,50,334.968723
-50.0,50,335.116713
-50.0,50,335.266507
-50.0,50,342.830849
-50.0,50,342.987911
-50.0,50,343.138471
-50.0,50,343.284679
-50.0,50,343.488952
-50.0,50,343.640632
-50.0,50,343.786928
-50.0,50,343.931909
-50.0,50,344.082095
-50.0,50,344.236891
-50.0,50,344.393009
-50.0,50,344.546401
-50.0,50,344.75197
-50.0,50,344.906011
-50.0,50,345.053516
-50.0,50,345.255236
-50.0,50,345.406654
-50.0,50,345.563696
-50.0,50,345.711076
-50.0,50,345.914555
-50.0,50,346.061701
-50.0,50,346.20814
-50.0,50,346.351403
-50.0,50,346.499377
-50.0,50,346.648659
-50.0,50,346.800087
0.0,1,346.803066
-50.0,50,347.002195
-50.0,50,347.157166
-50.0,50,347.324536
-50.0,50,347.477953
-50.0,50,347.669072
-50.0,50,347.85805
-50.0,50,348.070827
-50.0,50,348.215479
-50.0,50,348.358601
-50.0,50,348.51968
-50.0,50,348.664922
-50.0,50,348.810958
-50.0,50,348.955164
-50.0,50,349.099942
-50.0,50,349.243418
-50.0,50,356.969269
-50.0,50,357.132735
-50.0,50,357.289161
0.0,1,357.291982
-50.0,50,357.438388
-50.0,50,357.636542
-50.0,50,357.78082
-50.0,50,357.92685
-50.0,50,358.074676
-50.0,50,358.218839
-50.0,50,358.363732
-50.0,50,358.506851
-50.0,50,358.65256
-50.0,50,358.797354
-50.0,50,358.939967
-50.0,50,359.099873
-50.0,50,359.246005
-50.0,50,359.390364
-50.0,50,359.533365
-50.0,50,359.680761
-50.0,50,359.823864
-50.0,50,359.966691
-50.0,50,360.115556
-50.0,50,360.281472
-50.0,50,360.451286
-50.0,50,360.597396
-50.0,50,360.743293
-50.0,50,360.890344
-50.0,50,361.038168
-50.0,50,361.18967
0.0,1,361.192887
-50.0,50,361.341294
-50.0,50,361.491122
-50.0,50,361.63633
-50.0,50,361.782101
-50.0,50,361.930612
-50.0,50,362.090336
-50.0,50,362.240546
-50.0,50,362.387745
-50.0,50,362.533754
-50.0,50,362.678658
-50.0,50,362.825711
-50.0,50,362.98335
-50.0,50,370.823682
-50.0,50,371.013385
-50.0,50,371.183049
-50.0,50,371.379691
-50.0,50,371.533783
-50.0,50,371.685985
-50.0,50,371.835097
-50.0,50,371.982235
-50.0,50,372.155826
-50.0,50,372.344774
-50.0,50,372.573119
-50.0,50,372.748709
-50.0,50,372.905036
-50.0,50,373.068299
-50.0,50,373.218785
-50.0,50,373.366733
-50.0,50,373.527596
-50.0,50,373.678857
-50.0,50,373.825661
-50.0,50,373.974437
-50.0,50,374.122848
-50.0,50,374.271296
-50.0,50,374.419438
-50.0,50,374.567976
-50.0,50,374.71902
-50.0,50,374.875397
0.0,1,374.878508
-50.0,50,375.033469
-50.0,50,375.185288
-50.0,50,375.332989
0.0,1,375.335724
-50.0,50,375.487547
-50.0,50,375.635651
-50.0,50,375.783098
-50.0,50,375.931804
-50.0,50,376.090697
-50.0,50,376.242444
-50.0,50,376.405088
-50.0,50,376.557029
-50.0,50,376.705685
-50.0,50,376.85633
-50.0,50,377.007129
-50.0,50,377.163546
-50.0,50,384.710103
-50.0,50,384.865616
-50.0,50,385.013104
-50.0,50,385.162152
-50.0,50,385.308253
-50.0,50,385.458323
-50.0,50,385.608617
-50.0,50,385.757954
-50.0,50,385.906057
-50.0,50,386.054276
-50.0,50,386.201098
-50.0,50,386.348961
-50.0,50,386.516025
-50.0,50,386.664877
-50.0,50,386.8134
-50.0,50,386.96249
0.0,1,386.965434
-50.0,50,387.111972
-50.0,50,387.261205
-50.0,50,387.40888
-50.0,50,387.561967
-50.0,50,387.736078
-50.0,50,387.940117
-50.0,50,388.10523
-50.0,50,388.25693
-50.0,50,388.402653
-50.0,50,388.550023
-50.0,50,388.697335
-50.0,50,388.847142
-50.0,50,388.998197
-50.0,50,389.152306
-50.0,50,389.348017
-50.0,50,389.577321
-50.0,50,389.843829
-50.0,50,390.07706
-50.0,50,390.324501
-50.0,50,390.531395
-50.0,50,390.718807
-50.0,50,390.896192
-50.0,50,391.08201
-50.0,50,391.276802
-50.0,50,391.461495
-50.0,50,400.355093
-50.0,50,400.532353
-50.0,50,400.702346
-50.0,50,400.872338
-50.0,50,401.043179
-50.0,50,401.213614
-50.0,50,401.382135
-50.0,50,401.548812
-50.0,50,401.706217
-50.0,50,401.880844
-50.0,50,402.052014
-50.0,50,402.242729
-50.0,50,402.415822
-50.0,50,402.590054
-50.0,50,402.764373
-50.0,50,402.935361
-50.0,50,403.103929
-50.0,50,403.272739
-50.0,50,403.442302
-50.0,50,403.662643
-50.0,50,403.893042
-50.0,50,404.083026
-50.0,50,404.256533
-50.0,50,404.426946
-50.0,50,404.600155
-50.0,50,404.77401
-50.0,50,404.951334
-50.0,50,405.12386
-50.0,50,405.295808
-50.0,50,405.465861
-50.0,50,405.635534
-50.0,50,405.842693
-50.0,50,406.052165
-50.0,50,406.254198
-50.0,50,406.423695
-50.0,50,406.591243
-50.0,50,406.81535
0.0,1,406.821591
-50.0,50,407.038779
-50.0,50,407.224129
-50.0,50,407.399731
-50.0,50,416.189446
-50.0,50,416.391182
-50.0,50,416.596916
-50.0,50,416.776657
-50.0,50,416.947596
-50.0,50,417.1255
-50.0,50,417.303606
-50.0,50,417.487901
-50.0,50,417.677371
-50.0,50,417.865587
-50.0,50,418.078996
-50.0,50,418.27609
-50.0,50,418.454845
-50.0,50,418.632372
-50.0,50,418.849841
-50.0,50,419.082285
-50.0,50,419.279402
-50.0,50,419.506636
-50.0,50,419.685465
-50.0,50,419.863749
-50.0,50,420.047494
-50.0,50,420.226833
0.0,1,420.230386
-50.0,50,420.415401
-50.0,50,420.616719
-50.0,50,420.79652
-50.0,50,420.973428
-50.0,50,421.153538
-50.0,50,421.33339
-50.0,50,421.504862
-50.0,50,421.681951
-50.0,50,421.865026
-50.0,50,422.046577
-50.0,50,422.231033
-50.0,50,422.397522
-50.0,50,422.577872
-50.0,50,422.941866
-50.0,50,423.19945
-50.0,50,423.387131
-50.0,50,423.56392
-50.0,50,423.739266
-50.0,50,423.91892
-50.0,50,432.923441
-50.0,50,433.168531
-50.0,50,433.341556
-50.0,50,433.516629
-50.0,50,433.824265
-50.0,50,434.101114
-50.0,50,434.270283
-50.0,50,434.445024
0.0,1,434.449201
-50.0,50,434.661535
-50.0,50,434.825021
-50.0,50,434.999824
-50.0,50,435.167144
-50.0,50,435.41455
-50.0,50,435.59434
-50.0,50,435.773638
-50.0,50,435.999203
-50.0,50,436.193511
-50.0,50,436.385685
-50.0,50,436.556152
-50.0,50,436.763284
-50.0,50,436.956237
-50.0,50,437.153402
-50.0,50,437.352497
-50.0,50,437.531581
-50.0,50,437.758209
-50.0,50,437.947353
-50.0,50,438.121332
-50.0,50,438.296928
-50.0,50,438.47323
-50.0,50,438.653187
-50.0,50,438.842869
-50.0,50,439.021307
-50.0,50,439.199822
-50.0,50,439.394419
-50.0,50,439.829932
-50.0,50,440.100273
-50.0,50,440.287192
-50.0,50,440.54336
-50.0,50,440.801718
-50.0,50,441.022001
-50.0,50,441.204889
-50.0,50,450.245731
-50.0,50,450.431407
-50.0,50,450.611537
-50.0,50,450.811136
-50.0,50,450.989342
-50.0,50,451.16952
-50.0,50,451.345164
-50.0,50,451.52999
-50.0,50,451.747272
-50.0,50,451.983693
-50.0,50,452.164892
-50.0,50,452.344576
-50.0,50,452.526465
-50.0,50,452.708241
-50.0,50,452.882855
-50.0,50,453.070738
-50.0,50,453.25562
-50.0,50,453.434329
-50.0,50,453.592163
-50.0,50,453.74533
-50.0,50,453.897546
-50.0,50,454.048733
-50.0,50,454.198945
0.0,1,454.202097
-50.0,50,454.358326
-50.0,50,454.513127
-50.0,50,454.663842
-50.0,50,454.817381
-50.0,50,454.969882
-50.0,50,455.122482
-50.0,50,455.365108
-50.0,50,455.527162
-50.0,50,455.682733
-50.0,50,455.832016
-50.0,50,455.986391
-50.0,50,456.137857
-50.0,50,456.287936
-50.0,50,456.439084
-50.0,50,456.591219
-50.0,50,456.750184
-50.0,50,456.90171
-50.0,50,457.057193
-50.0,50,465.306241
-50.0,50,465.471902
-50.0,50,465.627123
-50.0,50,465.780615
-50.0,50,465.92973
-50.0,50,466.090025
-50.0,50,466.246145
-50.0,50,466.40417
-50.0,50,466.576086
-50.0,50,466.736939
-50.0,50,466.888355
-50.0,50,467.038013
-50.0,50,467.198167
-50.0,50,467.349
-50.0,50,467.501111
-50.0,50,467.653442
-50.0,50,467.807711
-50.0,50,467.963486
-50.0,50,468.117911
-50.0,50,468.279227
-50.0,50,468.43622
-50.0,50,468.590245
-50.0,50,468.747053
-50.0,50,468.906703
-50.0,50,469.064716
-50.0,50,469.215255
-50.0,50,469.375602
-50.0,50,469.532647
-50.0,50,469.70948
-50.0,50,469.860756
-50.0,50,470.019528
-50.0,50,470.180597
-50.0,50,470.334182
-50.0,50,470.485863
-50.0,50,470.644472
-50.0,50,470.794713
-50.0,50,470.948085
-50.0,50,471.100131
-50.0,50,471.254402
-50.0,50,471.407197
-50.0,50,471.556214
-50.0,50,480.24044
-50.0,50,480.41286
-50.0,50,480.563958
-50.0,50,480.720323
-50.0,50,480.872324
-50.0,50,481.022123
-50.0,50,481.176058
-50.0,50,481.345725
-50.0,50,481.498687
-50.0,50,481.652357
-50.0,50,481.811662
-50.0,50,481.962361
-50.0,50,482.114076
-50.0,50,482.267937
-50.0,50,482.426475
-50.0,50,482.576886
-50.0,50,482.729362
-50.0,50,482.92258
-50.0,50,483.073035
-50.0,50,483.235371
-50.0,50,483.394596
-50.0,50,483.549255
-50.0,50,483.708099
-50.0,50,483.864506
-50.0,50,484.019477
-50.0,50,484.172055
-50.0,50,484.332083
-50.0,50,484.503263
-50.0,50,484.657644
-50.0,50,484.815877
-50.0,50,484.983456
-50.0,50,485.152685
-50.0,50,485.327474
-50.0,50,485.493743
-50.0,50,485.655889
-50.0,50,485.815248
-50.0,50,485.981022
-50.0,50,486.132463
-50.0,50,486.285774
-50.0,50,486.44373
-50.0,50,486.601014
-50.0,50,495.170756
-50.0,50,495.339676
-50.0,50,495.499397
-50.0,50,495.650845
-50.0,50,495.902671
-50.0,50,496.056106
-50.0,50,496.220514
-50.0,50,496.378119
-50.0,50,496.548769
-50.0,50,496.707126
-50.0,50,496.863584
-50.0,50,497.023309
-50.0,50,497.181313
-50.0,50,497.340845
-50.0,50,497.540018
-50.0,50,497.689675
-50.0,50,497.842673
-50.0,50,497.994631
-50.0,50,498.14274
-50.0,50,498.298592
-50.0,50,498.44953
-50.0,50,498.600495
-50.0,50,498.777947
-50.0,50,498.967618
-50.0,50,499.179672
-50.0,50,499.365277
-50.0,50,499.566365
-50.0,50,499.729487
-50.0,50,499.886004
-50.0,50,500.04026
-50.0,50,500.191342
-50.0,50,500.358476
-50.0,50,500.512601
-50.0,50,500.71718
-50.0,50,500.869296
-50.0,50,501.023442
-50.0,50,501.175472
-50.0,50,501.327817
-50.0,50,501.479749
-50.0,50,501.633602
-50.0,50,501.811355
-50.0,50,510.566731
-50.0,50,510.750237
-50.0,50,510.922459
-50.0,50,511.086113
-50.0,50,511.254976
-50.0,50,511.439142
-50.0,50,511.60403
-50.0,50,511.772522
-50.0,50,511.94385
0.0,1,511.94657
-50.0,50,512.138042
-50.0,50,512.31269
-50.0,50,512.479643
-50.0,50,512.686772
-50.0,50,512.857708
-50.0,50,513.031076
-50.0,50,513.302655
-50.0,50,513.493048
-50.0,50,513.714616
-50.0,50,513.886781
-50.0,50,514.134178
-50.0,50,514.443933
-50.0,50,514.688609
-50.0,50,514.874764
-50.0,50,515.047972
-50.0,50,515.295188
-50.0,50,515.667505
-50.0,50,515.856569
-50.0,50,516.030644
-50.0,50,516.202124
-50.0,50,516.374126
-50.0,50,516.551305
-50.0,50,516.732941
-50.0,50,516.941162
-50.0,50,517.121096
-50.0,50,517.312605
-50.0,50,517.573119
-50.0,50,517.790909
-50.0,50,518.031381
-50.0,50,518.303892
-50.0,50,518.542039
-50.0,50,518.741089
-50.0,50,527.859483
-50.0,50,528.048988
-50.0,50,528.231668
-50.0,50,528.41916
-50.0,50,528.605206
-50.0,50,528.783287
-50.0,50,528.94708
-50.0,50,529.111973
-50.0,50,529.279609
-50.0,50,529.455384
-50.0,50,529.672828
-50.0,50,529.872419
-50.0,50,530.028473
-50.0,50,530.173899
-50.0,50,530.320786
-50.0,50,530.465457
-50.0,50,530.611397
-50.0,50,530.756891
-50.0,50,530.902921
-50.0,50,531.047435
-50.0,50,531.195192
-50.0,50,531.340401
-50.0,50,531.486051
-50.0,50,531.642409
-50.0,50,531.831853
-50.0,50,531.997524
-50.0,50,532.21088
-50.0,50,532.373527
-50.0,50,532.525909
-50.0,50,532.67704
-50.0,50,532.825692
-50.0,50,532.976393
-50.0,50,533.125196
0.0,1,533.127974
-50.0,50,533.274616
-50.0,50,533.422211
-50.0,50,533.577491
-50.0,50,533.854287
-50.0,50,534.053499
-50.0,50,534.294402
-50.0,50,534.635821
-50.0,50,534.808725
-50.0,50,543.431456
-50.0,50,543.593145
-50.0,50,543.740535
-50.0,50,543.911075
-50.0,50,544.06301
-50.0,50,544.214281
-50.0,50,544.363868
-50.0,50,544.516568
-50.0,50,544.667763
-50.0,50,544.821601
-50.0,50,544.972065
-50.0,50,545.122622
-50.0,50,545.273729
-50.0,50,545.429286
0.0,1,545.43224
-50.0,50,545.586145
-50.0,50,545.734521
-50.0,50,545.885453
-50.0,50,546.035743
-50.0,50,546.182426
-50.0,50,546.334551
-50.0,50,546.485468
-50.0,50,546.637077
-50.0,50,546.787426
-50.0,50,546.986303
-50.0,50,547.13647
-50.0,50,547.284281
-50.0,50,547.43575
-50.0,50,547.589163
0.0,1,547.592151
-50.0,50,547.749462
-50.0,50,547.935624
-50.0,50,548.12755
-50.0,50,548.280612
-50.0,50,548.435268
-50.0,50,548.584625
-50.0,50,548.734666
-50.0,50,548.886435
-50.0,50,549.039108
-50.0,50,549.190193
-50.0,50,549.340916
-50.0,50,549.492973
-50.0,50,549.639739
-50.0,50,557.748563
-50.0,50,557.909984
0.0,1,557.913065
-50.0,50,558.089821
-50.0,50,558.237899
-50.0,50,558.394743
-50.0,50,558.544595
0.0,1,558.547941
-50.0,50,558.702387
-50.0,50,558.852627
-50.0,50,559.005895
-50.0,50,559.157338
-50.0,50,559.306066
-50.0,50,559.462258
-50.0,50,559.612328
-50.0,50,559.764496
-50.0,50,559.916684
-50.0,50,560.095383
-50.0,50,560.247119
-50.0,50,560.40658
-50.0,50,560.557434
-50.0,50,560.825467
0.0,1,560.828936
-50.0,50,561.042286
-50.0,50,561.194064
-50.0,50,561.36187
-50.0,50,561.514609
-50.0,50,561.667436
-50.0,50,561.816909
-50.0,50,561.972218
-50.0,50,562.125768
-50.0,50,562.274822
-50.0,50,562.431322
-50.0,50,562.58217
-50.0,50,562.731958
-50.0,50,562.879355
-50.0,50,563.028866
-50.0,50,563.182572
-50.0,50,563.331711
-50.0,50,563.484309
-50.0,50,563.637193
-50.0,50,563.787242
-50.0,50,563.941832
-50.0,50,564.091866
